{
  "allPlaceholder": "",
  "showInfoWindowOnSelect": true,
  "sources": [
    {
      "layerId": "LÍMITES_2677_3",
      "url": "https://www.idep.gob.pe/geoportal/rest/services/DATOS_GEOESPACIALES/LÍMITES/MapServer/3",
      "name": "Región",
      "placeholder": "Región",
      "searchFields": [
        "NOMBDEP"
      ],
      "displayField": "NOMBDEP",
      "exactMatch": false,
      "searchInCurrentMapExtent": false,
      "panToScale": false,
      "zoomScale": null,
      "maxSuggestions": 6,
      "maxResults": 6,
      "type": "query"
    },
    {
      "layerId": "LÍMITES_2677_4",
      "url": "https://www.idep.gob.pe/geoportal/rest/services/DATOS_GEOESPACIALES/LÍMITES/MapServer/4",
      "name": "Provincia",
      "placeholder": "Provincia",
      "searchFields": [
        "NOMBPROV"
      ],
      "displayField": "NOMBPROV",
      "exactMatch": false,
      "searchInCurrentMapExtent": false,
      "panToScale": false,
      "zoomScale": null,
      "maxSuggestions": 6,
      "maxResults": 6,
      "type": "query"
    },
    {
      "layerId": "LÍMITES_2677_5",
      "url": "https://www.idep.gob.pe/geoportal/rest/services/DATOS_GEOESPACIALES/LÍMITES/MapServer/5",
      "name": "Distrito",
      "placeholder": "Distrito",
      "searchFields": [
        "NOMBDIST"
      ],
      "displayField": "NOMBDIST",
      "exactMatch": true,
      "searchInCurrentMapExtent": false,
      "panToScale": false,
      "zoomScale": null,
      "maxSuggestions": 6,
      "maxResults": 6,
      "type": "query"
    },
    {
      "url": "https://geocode.arcgis.com/arcgis/rest/services/World/GeocodeServer",
      "name": "Peru Referencial",
      "singleLineFieldName": "SingleLine",
      "placeholder": "Peru Referencial",
      "countryCode": "PER",
      "panToScale": false,
      "zoomScale": null,
      "maxSuggestions": 6,
      "maxResults": 6,
      "searchInCurrentMapExtent": false,
      "enableLocalSearch": true,
      "localSearchMinScale": 300000,
      "localSearchDistance": 50000,
      "radiusUnit": "meter",
      "type": "locator"
    }
  ]
}
