{
  "selectionColor": "#00FFFF",
  "selectionMode": "partial",
  "enableByDefault": true,
  "allowExport": true,
  "includeRuntimeLayers": true,
  "geometryTypes": [
    "EXTENT"
  ],
  "layerState": {
    "SIDPUS_8332": {
      "selected": false
    },
    "SIDPUS_8332_0": {
      "selected": false
    },
    "SIDPUS_8332_1": {
      "selected": false
    },
    "SIDPUS_8332_2": {
      "selected": true
    },
    "SIDPUS_8332_3": {
      "selected": false
    },
    "SIDPUS_8332_7": {
      "selected": false
    },
    "SIDPUS_8332_12": {
      "selected": false
    },
    "SIDPUS_8332_15": {
      "selected": false
    },
    "SIDPUS_8332_17": {
      "selected": false
    },
    "LÍMITES_2677": {
      "selected": false
    }
  }
}
